first,second,shared_control_strata,naive_correlation,corrected_correlation,disjoint_control_correlation,first_signal_fraction,second_signal_fraction,permutation_p_value,holm_adjusted_p_value
ACA-vs-CON,CR-vs-CON,4,0.4090781923952516,0.42248402168685795,0.42817505058030497,0.4919484504622892,0.831180905957196,0.011,0.23099999999999998
ACA-vs-CON,EST-vs-CON,2,0.1798709547664067,0.005773413058145783,0.0002463986657672843,0.4919484504622892,0.44846316401292535,0.983,1.0
ACA-vs-CON,PROT-vs-CON,2,0.2065967881233622,0.07405859287185167,0.06898168756179072,0.4919484504622892,0.4906412257560116,0.791,1.0
ACA-vs-CON,RAP-vs-CON,4,0.32874257000182006,0.07253072513785527,0.10355924878688558,0.4919484504622892,0.1390316637819873,0.92,1.0
ACA-vs-CON,GHRKO-vs-GHRCON,0,0.23174960114352494,0.354245033488258,,0.4919484504622892,0.8699831745359136,0.012,0.24
ACA-vs-CON,SNELL-vs-SNELLCON,0,0.2257587387329213,0.3380318471889654,,0.4919484504622892,0.9066805636931018,0.002,0.048
ACA-vs-CON,MR-vs-MRCON,0,0.3348113874720736,0.5452064616122971,,0.4919484504622892,0.7665824204901499,0.001,0.028
CR-vs-CON,EST-vs-CON,2,0.16088523668384572,0.09156075983688021,0.08904098020447639,0.831180905957196,0.44846316401292535,0.484,1.0
CR-vs-CON,PROT-vs-CON,2,0.1751633113432923,0.11634167893314853,0.11402710515284953,0.831180905957196,0.4906412257560116,0.388,1.0
CR-vs-CON,RAP-vs-CON,4,0.13472685347302568,-0.14368455539365604,-0.12953857415246353,0.831180905957196,0.1390316637819873,0.707,1.0
CR-vs-CON,GHRKO-vs-GHRCON,0,0.353683039168675,0.4159211718656618,,0.831180905957196,0.8699831745359136,0.001,0.028
CR-vs-CON,SNELL-vs-SNELLCON,0,0.38500902663701997,0.443502405582069,,0.831180905957196,0.9066805636931018,0.001,0.028
CR-vs-CON,MR-vs-MRCON,0,0.21946293609030457,0.2749374993599021,,0.831180905957196,0.7665824204901499,0.001,0.028
EST-vs-CON,PROT-vs-CON,2,0.2659825024221789,-0.030416796051407187,-0.0391716908631408,0.44846316401292535,0.4906412257560116,0.913,1.0
EST-vs-CON,RAP-vs-CON,2,0.23791885471989016,0.015290337588610026,0.0015520411613307052,0.44846316401292535,0.1390316637819873,0.975,1.0
EST-vs-CON,GHRKO-vs-GHRCON,0,0.08111127751568593,0.12985612127513946,,0.44846316401292535,0.8699831745359136,0.023,0.391
EST-vs-CON,SNELL-vs-SNELLCON,0,0.09484300427210136,0.14873554222702565,,0.44846316401292535,0.9066805636931018,0.04,0.6
EST-vs-CON,MR-vs-MRCON,0,0.02263727695761987,0.038608361246233035,,0.44846316401292535,0.7665824204901499,0.561,1.0
PROT-vs-CON,RAP-vs-CON,2,0.25114296169630806,0.10039815009240627,0.08777867325894191,0.4906412257560116,0.1390316637819873,0.849,1.0
PROT-vs-CON,GHRKO-vs-GHRCON,0,0.1350682132751715,0.20673580993252502,,0.4906412257560116,0.8699831745359136,0.014,0.266
PROT-vs-CON,SNELL-vs-SNELLCON,0,-0.06498203226130461,-0.09742807418137599,,0.4906412257560116,0.9066805636931018,0.14,1.0
PROT-vs-CON,MR-vs-MRCON,0,-0.10801417623953558,-0.1761243128507888,,0.4906412257560116,0.7665824204901499,0.032,0.512
RAP-vs-CON,GHRKO-vs-GHRCON,0,0.04604740627200834,0.13240149406436824,,0.1390316637819873,0.8699831745359136,0.422,1.0
RAP-vs-CON,SNELL-vs-SNELLCON,0,-0.03324836342192211,-0.09364535923724786,,0.1390316637819873,0.9066805636931018,0.531,1.0
RAP-vs-CON,MR-vs-MRCON,0,-0.1167680290663374,-0.3576742391437371,,0.1390316637819873,0.7665824204901499,0.056,0.784
GHRKO-vs-GHRCON,SNELL-vs-SNELLCON,0,0.7738450032982869,0.8713074009991983,,0.8699831745359136,0.9066805636931018,0.008,0.184
GHRKO-vs-GHRCON,MR-vs-MRCON,0,0.27057889029783966,0.33132870019640986,,0.8699831745359136,0.7665824204901499,0.014,0.266
SNELL-vs-SNELLCON,MR-vs-MRCON,0,0.35703176707434,0.42825286650083966,,0.9066805636931018,0.7665824204901499,0.009,0.19799999999999998
